-0.7422,-0.59824,1.1875,-0.7341,-0.1188
-1.0605,-0.57801,0.39969,-1.3113,0.46569
-0.59626,-1.0189,0.90191,0.64833,-1.2121
2.0025,2.1765,-0.63803,0.92021,0.40956
1.2141,-1.254,1.1075,0.077569,0.083365
-0.36491,-0.04342,-0.13628,0.2504,0.51284
0.5193,1.0226,0.17513,-0.15901,1.6163
-0.083985,0.18159,-0.015039,1.0941,0.58823
0.378,-0.32774,-0.8568,-1.8315,1.2333
-0.8665,-0.35231,-0.97371,-1.3371,0.33768
-0.95926,-0.68878,0.11375,1.5254,-0.66959
-0.16176,0.075372,-0.20249,0.13705,-0.82225
0.79994,-0.36571,0.0068744,0.15209,0.92759
-0.91699,0.21353,0.6299,-0.65445,0.7651
-2.1455,-1.1635,-0.46379,0.2604,-0.3918
-0.020272,1.3143,-1.412,-1.303,0.3302
1.0866,0.21333,-0.2145,-0.59344,-0.016653
-0.8081,1.1676,-0.23006,-0.66988,0.44864
1.3406,-1.7828,0.88907,0.11261,-0.96223
-0.49782,1.2157,-2.4732,-0.3825,0.47937
0.63187,0.95531,-0.13333,-0.75175,-0.79805
-0.60327,-0.26035,0.4787,-1.4054,-0.4391
-0.63257,1.2834,-1.266,2.0175,0.27665
-0.65798,0.90774,0.48699,0.76496,-1.7429
-0.90939,-0.51153,-0.86425,0.55873,-1.0656
0.1769,0.26977,1.4628,0.4486,1.5427
0.67597,1.1995,-0.25894,0.20823,-1.4512
-1.3617,-1.3379,-0.45403,0.22958,-0.81288
-0.95752,-1.5848,1.7909,-0.8534,0.39953
0.38311,-0.51312,0.08177,-1.4049,0.10258
-1.7935,-0.77589,-0.28663,0.63848,0.31194
0.10054,0.84766,-0.77508,0.56725,0.1911
-0.59759,0.12944,2.0879,-0.2812,-0.03147
1.2563,0.86991,-0.29788,-0.96725,2.1076
-0.64799,-0.21088,-1.3277,-0.74018,-2.6978
-1.2363,0.80523,-1.7872,0.50693,-0.13125
-0.95877,0.94139,0.1266,-0.072563,-0.92052
0.85427,2.3595,0.97454,0.75942,-0.12307
1.2687,-0.50155,0.57767,1.4143,1.5872
-1.5062,0.9865,0.6718,-0.76181,0.2277
-0.29115,-1.2371,-0.23538,0.37913,-0.18082
-0.3899,-1.2159,-0.34213,0.78444,-0.63141
-1.2053,0.43461,1.1444,-0.16859,-2.1297
-0.11413,3.1875,-1.6713,0.61674,-1.3933
-0.2938,1.2016,-0.52202,1.857,1.816
-0.24321,1.5339,0.58841,0.13044,-0.46623
0.84091,1.86,1.0684,0.041804,-1.6309
0.22614,0.33409,-0.48956,3.6734,0.69071
0.038067,-1.1927,-0.22873,-1.7833,-1.8413
-1.1808,1.9803,1.0341,-0.97598,0.45362
-0.65,-0.91615,0.34314,-0.58924,-0.30478
1.1052,-0.95207,-0.43537,1.0412,-1.4161
0.60092,-0.46167,-1.3795,-0.61184,-0.010188
-0.36861,0.66896,-2.15,0.23229,0.81216
0.22624,0.035271,-0.37945,1.1756,1.1641
2.0493,1.4,-0.82237,0.55624,1.1326
-0.89016,-0.89522,-0.94226,-0.22138,-0.14606
0.65643,-1.2082,-1.4437,1.5721,-1.1002
1.6584,-1.5999,0.54289,-0.94058,0.01579
0.70242,0.43824,0.8616,-0.077842,-0.39295
1.0768,-0.10144,-0.1178,0.51735,-0.2089
1.3173,-0.90583,-0.90794,-0.033303,-0.55275
0.052396,-1.6617,1.9563,-0.30687,0.97633
1.1314,0.13882,-1.3726,0.78034,-1.3762
1.9507,1.1715,-1.4228,-0.084879,0.52275
0.038997,-1.4513,0.15076,-0.2766,-0.51176
-0.88069,0.10197,1.602,0.98864,1.4123
-1.6307,-1.04,-1.7555,-0.10639,0.85875
-1.5654,-0.20242,0.35215,1.3983,1.0538
0.32598,0.56352,-0.74816,0.053796,0.38419
0.36913,-0.36,1.659,0.98015,-0.66237
0.29248,0.2341,-0.65345,0.74592,-2.5305
0.7269,0.90793,0.10847,-0.10391,0.72873
-0.30679,0.66053,-0.23636,0.072105,-1.6714
1.168,1.7582,2.3175,0.50297,0.38181
-0.26945,-1.6813,0.24133,-0.16393,0.31052
0.79906,0.74425,-0.69908,-1.0863,0.47663
0.68328,-0.10344,-0.18386,0.022353,1.3402
0.95863,-0.6997,2.5041,-1.144,0.3383
0.023861,0.49164,-0.7195,-0.66958,-1.2849
0.071592,-1.6626,0.23761,-0.41443,1.1384
1.9473,-0.79947,-0.50952,0.0041057,2.3702
0.14424,0.7843,-2.0987,-0.32981,0.75231
-0.61227,0.95588,-1.5134,-0.55558,0.84587
0.099703,-0.67565,0.03813,0.73464,0.80017
-0.38856,0.24417,0.79502,-0.96681,0.41393
-0.63505,-0.38497,-0.17169,0.79451,0.91146
-0.93844,0.90245,-3.3336,0.99817,0.33198
0.31909,-1.0654,-1.4542,-0.26678,-0.065759
0.99119,-0.63787,0.26689,-0.89397,-0.73145
0.34402,2.2884,0.94453,0.63857,-0.11651
-0.6212,2.0599,0.70498,2.3312,-2.5451
2.6373,-2.0741,-0.85125,0.11603,-2.36
1.3364,-0.065058,-0.89141,-1.5512,-0.90056
0.85957,-1.1384,0.63511,-1.5224,0.040375
-0.12245,0.26483,-0.91563,-0.42396,-0.53036
0.93205,1.1513,0.82311,0.049871,1.3073
0.27007,-0.65417,-0.025788,-2.1694,-0.11334
-1.6247,0.75576,-0.79834,-1.4388,0.32729
0.4859,-0.41715,-0.77901,1.2959,-1.0885
-0.63446,1.0569,1.4979,2.1055,-0.31163
0.5611,1.06,-0.012695,0.70879,0.22628
-0.21357,-0.30941,-1.0758,-0.31733,1.3835
1.1587,1.5915,0.6642,-0.37134,0.078063
-0.023297,-0.56184,0.55185,-0.42314,0.52168
-1.7554,-0.28617,0.60946,0.34896,0.52915
-0.62716,-1.9906,1.8997,-0.73778,-0.49966
-0.3497,1.0319,0.67402,0.15283,0.048268
0.58164,-0.14335,0.50624,0.84462,0.08593
-0.24312,-2.6816,-1.7822,0.14697,-0.34882
-0.20659,1.7237,2.0788,0.20759,0.025292
-0.81482,-1.2073,0.35234,-1.3427,1.5466
0.33991,-1.537,-0.62181,1.1601,1.094
1.2292,0.29775,-0.37959,1.4259,0.21618
-0.18894,-1.0329,-0.56253,1.0008,0.3592
-0.533,0.28788,0.29943,0.43033,0.85951
2.7635,-1.3742,1.6678,0.80806,-1.5209
0.93828,-1.2462,0.10208,1.9727,-0.52349
0.50805,-0.036078,0.22345,-1.7678,1.3758
-1.8466,-1.8891,0.78631,0.95282,-1.3614
-1.4803,-1.8398,-0.8474,-1.1492,-0.29707
1.2367,-1.0262,0.2044,-0.27755,0.0066874
0.47607,-1.6049,-0.95487,-0.2503,0.5861
0.79743,-0.012761,-0.65706,0.016124,0.27519
0.43613,-1.4758,-1.1045,-1.4226,1.7905
0.15133,-1.7699,0.98586,-0.96829,0.0081561
-0.52798,1.4298,-0.93808,-1.5173,0.97058
-0.6833,0.18186,-0.75761,0.91776,-0.66498
0.63548,0.73894,-1.2171,-2.3088,1.7241
1.2973,0.88549,-0.037989,-0.28985,0.44967
-0.33779,0.50012,-0.43409,0.42219,-1.0802
-0.47816,0.15409,1.0422,-0.79201,0.20636
-1.1479,1.1171,-0.011112,1.14,-0.20629
0.21226,-0.944,-0.5424,-0.26034,0.22016
2.5878,1.0361,0.28984,-0.66302,-0.21783
0.234,0.076324,1.7141,-0.44163,-1.5552
-0.92999,-0.12075,0.92175,1.3109,0.31104
-1.375,-0.48391,-1.0976,1.1817,0.45979
-0.68186,-1.712,0.17991,-1.5109,-1.2133
-0.071054,1.2041,-0.54277,0.38689,1.011
-1.5838,-0.13258,-0.7542,0.79782,0.1448
-0.99299,-0.19562,0.43217,1.3133,0.60966
0.41726,-0.26366,-0.93785,0.3968,1.1662
0.51258,-0.32638,-1.3156,0.26453,0.91796
1.041,-0.32419,1.4576,0.56754,-0.47583
-0.74968,-0.42591,1.7641,-0.35286,-0.99171
-1.2072,-1.4494,-0.34555,0.41795,0.3931
0.45941,-0.43744,1.1717,-1.6213,0.31853
-0.26326,-0.73027,-2.3647,0.02333,-0.62088
1.6455,0.13736,1.2725,0.43879,-1.2242
0.58947,-1.4416,0.59788,-0.49221,1.3994
0.8173,-0.47543,1.6342,-0.78891,0.05339
1.4481,-0.81493,-0.077703,0.60552,-0.018858
-0.8852,1.2761,-0.396,1.1035,0.27476
0.15385,-0.041288,-0.5867,0.47329,-0.25375
-0.044312,0.33537,-1.2772,-0.94468,-0.26317
-0.82201,-0.18365,-0.69644,1.5403,0.20592
0.78653,0.053833,0.032584,-0.26695,1.2091
-0.19622,0.77303,0.32772,-0.58109,1.142
0.9087,-0.30552,1.2417,0.0069838,-0.4537
0.83392,0.98002,-0.23077,1.4271,-1.2149
-0.24646,0.41618,0.47723,0.098277,-0.23755
2.0345,-0.79409,0.24344,2.731,-0.20177
0.63652,0.017771,1.1542,-0.44337,-0.84978
1.1268,1.429,-1.0006,0.1743,-1.0119
0.1752,0.73593,-1.6445,-0.97569,0.37627
1.3158,-0.55735,-0.13855,-1.1048,-1.2779
0.46815,1.4299,-0.72225,0.085155,1.1892
1.328,-0.74942,-0.89166,0.79739,-0.66065
-1.2935,0.92253,-1.0493,-2.0012,-0.015006
1.3717,1.2624,-0.5322,-0.86204,-0.85149
0.4186,-0.24713,0.55414,-0.50383,0.18497
-2.6991,-0.0099046,-1.3496,1.5574,-0.2162
0.68504,0.29878,0.077758,-0.42523,-0.72005
0.83449,1.0366,-0.75347,-0.50378,-1.6721
-0.66344,-0.53506,-0.35252,-0.03307,-1.8406
-0.89955,-0.088113,-0.91188,-1.4181,-0.75174
-1.296,-0.024855,0.02521,0.053021,-0.87925
-1.2755,0.42642,-0.36036,0.81973,-1.8306
-1.1305,1.5267,-0.31621,-0.61999,-0.22237
-0.10407,-0.50173,2.8089,-0.97595,-0.27179
0.014716,-0.97693,-0.15421,-0.40677,0.62541
0.56745,0.37905,0.30702,0.97161,0.70442
0.5896,-2.3746,-0.52569,-2.0397,0.59214
-1.6887,-0.068486,0.43728,-0.53107,-0.74647
1.1645,0.099789,-0.77072,0.60475,1.0177
0.81748,-0.51315,-1.5245,-0.085407,1.1658
1.1647,-0.65398,-0.24274,0.49799,-0.31063
-0.89399,-1.3711,-0.0073073,-1.2771,-1.2171
0.25036,-0.63174,1.4633,-0.20653,0.72327
-0.76179,-2.2526,0.11421,0.16054,-0.44811
-0.37973,1.0759,0.46459,-2.3979,-1.3314
0.41603,-1.594,-0.53728,1.933,-0.56887
-0.76611,-0.46843,-0.15043,0.085808,1.423
-0.06755,0.64108,0.74258,-0.66874,-0.35804
0.60706,-1.1023,1.1453,1.7176,0.27364
-0.038738,0.54736,0.47444,0.32016,-1.6792
-1.4536,0.88717,-0.026216,-0.21361,-0.41416
0.50662,0.1958,-2.4214,0.70479,-0.57249
-0.20949,-0.25557,0.56959,-0.89444,-2.4336
0.14798,-0.57489,-0.94848,1.342,0.7185
1.8896,0.13619,-1.5361,1.9286,-0.79268
-0.65253,-0.72323,1.5564,-0.099833,-1.664
0.56962,2.0249,0.46092,1.4698,-0.41586
0.21799,-0.18604,1.0111,0.096486,0.62264
-0.7454,0.061499,0.73266,-0.64591,-0.58292
0.663,-0.6741,0.5518,-0.12563,0.54904
-0.98681,3.0021,-0.68598,1.1272,0.35528
0.82492,0.43592,0.17739,1.6341,0.67354
-0.58065,-0.48383,-0.86805,1.4724,-2.4968
-1.2631,-0.23083,-1.8324,-1.7865,1.0792
0.059222,-0.012198,0.34802,1.0679,0.28783
-0.36462,-0.8151,0.21347,0.66395,-1.1262
0.57054,-1.1562,-0.52441,0.56811,0.35861
-1.0969,2.3639,-0.11268,-0.40033,-0.75536
0.97072,-1.7881,0.76795,-1.4324,0.1913
1.2647,-1.9016,0.67066,0.17793,0.76274
0.49504,-1.7696,-1.1828,0.10975,0.23492
0.44086,1.366,0.36895,1.7092,1.4916
0.26657,1.1487,0.74636,0.58962,-1.1465
-1.9765,0.91879,-1.1262,0.15996,0.22225
0.64918,-1.8501,1.7651,-0.56617,-0.09789
-1.6477,-0.49738,0.22855,0.44985,0.19496
0.48052,-0.55807,0.76595,-0.37445,1.1476
-0.075661,-1.3218,1.3728,1.0929,0.11374
0.80586,1.3321,-0.57307,-1.3309,-0.63616
0.59231,-2.4361,-1.2312,-0.20074,0.29806
0.282,1.0785,-0.1431,0.88397,-0.21122
-1.0331,-0.61408,-0.73368,-0.28028,-0.66827
0.22171,0.55245,0.18883,-0.49175,0.96386
-0.10152,-0.35749,0.42234,-0.59178,-0.80399
1.5316,-0.077702,-1.4454,-0.050379,0.86513
0.66611,-0.96528,-0.39579,-1.5074,0.57583
-0.91066,-1.4555,0.58992,1.353,0.69836
-0.61619,-2.4763,0.2126,0.7069,0.65996
-0.50722,0.25355,-0.85006,0.89683,-1.7941
-0.48113,-0.74046,-0.18283,-0.36835,-1.7205
-0.53261,0.64031,-1.7454,-0.75909,1.2346
0.18198,2.2448,-1.1233,-0.063726,-0.72364
0.48692,0.58422,-1.4767,1.0739,-0.76167
0.099983,-0.25323,-0.77274,0.30391,-0.41937
0.82458,-0.76159,-1.0466,0.38092,-1.2994
0.9161,0.48066,0.58115,0.48063,-1.2032
-0.34246,0.71689,-0.61836,-0.7708,0.89827
-0.34567,0.65895,1.4108,-1.1559,-1.6949
0.97941,0.12481,0.17139,-0.7964,-0.98856
-0.10143,-1.3449,-0.39581,-0.3942,-0.50195
-2.0352,1.0138,-0.017557,0.66344,1.6603
0.22664,-0.76483,-0.66953,-1.0017,-0.17049
1.4996,-0.55949,-1.5644,-0.22358,1.1866
0.58519,0.6555,1.2619,2.6057,-0.59873
0.60425,-1.3652,-0.46996,-1.0977,1.2747
0.77538,-0.11793,-1.0253,0.62523,1.3573
-1.7296,-0.43918,0.66556,-0.29019,0.39179
-0.39153,0.12518,0.74476,-0.34872,-2.1186
0.031004,0.93245,-0.011542,0.60433,0.029912
1.1064,0.97703,-0.00069991,-0.23226,-0.61964
-0.65309,2.081,-1.5085,-0.48104,0.26068
0.027977,0.3414,-0.54301,0.17581,1.2158
-0.16336,0.28447,-1.1928,-0.0098222,-1.1237
-0.10194,-0.48212,0.17858,-0.013539,1.1412
1.037,-1.0471,-1.6595,1.5262,-0.21856
0.1884,-0.30708,-0.65092,0.13186,0.17297
-1.2947,0.46557,1.5237,-0.13291,1.4168
0.80127,1.328,1.1301,-2.737,-1.1149
1.3391,1.2035,1.0506,1.3967,-1.5286
0.50176,0.74269,-1.7101,0.054138,0.7442
0.26412,0.24615,0.3677,0.48192,-0.46591
1.2184,-0.24407,0.36957,0.47122,1.7034
-0.43059,0.90648,-1.3718,1.3402,-0.59984
1.234,-0.22966,0.088342,0.93546,0.78986
-0.27991,-0.36784,-0.40912,0.68724,0.12467
1.7744,1.0609,-0.5122,0.65785,0.050596
-0.97786,1.2849,-0.23468,1.1199,-0.72755
0.32831,0.037803,-0.6797,0.42209,0.1283
-0.048244,-1.0658,-2.451,0.67116,1.1274
1.4482,-0.59543,0.66863,-0.43928,-0.60442
-0.67337,-0.67121,0.14289,0.82804,0.82583
1.1563,-0.46005,-0.33779,1.4124,1.002
-0.67664,1.3528,0.029927,-1.4913,0.99304
2.1457,-0.65448,-0.40573,-0.2293,-0.83263
0.1844,-1.0853,0.66171,-1.6617,1.4022
0.53723,-1.8332,-0.8522,-1.6264,1.273
0.57669,-2.0545,-0.56641,-1.4097,1.3406
1.6699,0.41421,0.07891,0.81359,-0.40374
0.87931,-0.13649,0.54353,-1.0201,1.3147
1.6716,0.84015,0.057267,0.52584,0.048318
2.4267,-0.59884,0.57525,0.83566,-0.17123
-0.44384,1.5498,0.8463,-1.2552,0.19117
0.43595,-0.90551,-1.2629,-0.63338,-0.73464
0.89158,-0.48385,-0.18084,0.77861,-0.22958
0.46871,0.016877,0.61017,0.5537,0.5901
-0.25546,1.0646,-2.3853,-0.17293,0.58602
2.1835,1.4095,0.7354,-0.83776,-0.69983
0.3983,0.75214,-0.037749,-0.61601,-3.2973
-0.63982,-0.38517,0.0026359,-0.12272,0.75042
0.12533,1.4549,-1.4533,0.55982,-1.3007
-0.31478,0.010778,-0.34195,0.28561,-0.62074
0.10417,-1.2041,0.017493,1.1379,0.28784
0.54028,0.14796,0.38876,1.027,-1.1192
-0.92696,1.0038,-2.4101,-0.40236,1.384
-2.3475,-0.27395,1.4009,-0.74882,-1.0336
1.0172,1.376,-1.6823,-0.74186,1.2796
-0.35858,-1.8451,-0.66474,0.74355,-1.1712
-0.14926,1.5532,-0.17684,0.58969,1.869
0.533,0.6883,0.2299,-2.4062,-0.36552
0.78446,-1.0722,-0.69679,-0.049462,2.4194
-0.35897,-0.61803,0.74931,-0.16367,-0.23985
0.20872,0.65888,1.3213,0.00392,-0.50163
-2.3495,-0.61016,-0.6183,-0.60105,-0.48336
1.2498,0.84443,-1.4714,0.29517,0.77985
-1.5879,-1.0214,-0.018123,0.16378,0.91875
-0.033174,-0.19701,-0.28381,-0.11075,0.065219
-0.46758,0.54053,-0.23446,1.5765,-0.22683
-0.51126,-0.55387,0.69129,-0.37394,0.48606
-0.18035,0.25607,0.015146,0.63072,0.47761
-1.2715,-1.4086,1.0786,0.68682,-0.55347
0.66184,-0.12443,-1.0921,-2.7595,-2.6784
0.84525,-0.97956,-1.5365,-0.1388,-0.58736
-1.2267,1.252,0.049399,-1.1627,0.20677
0.36679,0.2824,0.98038,-0.29779,1.0409
-1.6732,-0.59562,-0.98271,-0.78013,0.022936
1.9353,-1.103,-0.53955,0.97133,1.2391
1.423,1.9102,-0.55728,-1.0222,-1.2549
-1.1773,1.6709,0.023255,-1.4852,-0.97373
-1.7716,-0.88241,-0.83127,1.2988,-1.1524
-0.49395,-0.02463,-2.6206,-0.16511,1.37
0.92182,1.2433,0.67625,1.5696,0.42208
-2.5289,0.39769,-1.1635,0.80633,-0.55737
-1.5429,-0.87698,-0.35785,-2.0077,1.5584
1.4682,2.5681,-0.11619,0.64822,-0.0082392
-1.0187,0.20468,0.45003,1.1271,0.035192
0.29411,-2.8338,-0.51417,0.2736,0.024059
-0.7088,0.31106,2.1493,-1.4649,-0.51589
0.39634,-0.84319,1.4938,2.2813,-0.56881
-1.0139,-0.31852,-1.9179,-0.29133,-0.88403
-0.34901,0.49094,-0.85105,-1.4641,-1.5038
1.0489,0.98408,1.1356,0.38862,0.22184
1.9101,1.8965,0.26686,-1.0998,0.53731
-0.9864,-0.6821,0.39619,0.23049,0.43438
0.013221,-0.085853,-0.92875,-0.50548,-0.56309
-0.63514,-0.56717,0.83055,0.36478,0.95558
1.3056,0.97975,0.55666,-0.53667,0.00091222
-1.1853,1.1067,0.65964,1.1566,0.1074
-0.4143,1.1342,-1.1271,1.1402,-0.43008
0.72471,1.0408,-1.2835,-0.89135,0.69485
-0.67775,-0.97677,0.62086,1.0866,-3.1908
-0.32084,-0.49572,0.69881,-0.13321,0.58364
1.6366,0.13985,0.6875,0.13989,0.26321
-2.3538,-1.2388,0.43696,-1.3558,0.66269
-0.13213,1.7067,-0.32095,-0.20216,2.344
1.0916,0.089885,-0.33014,-0.66909,-0.06721
-0.67403,-1.1894,-0.13159,1.3142,-0.070521
-0.34521,-1.4657,-0.27013,1.0448,-0.2924
-0.85026,0.29669,1.424,-0.7165,-0.47352
1.9841,-0.73999,0.46112,-0.87954,-1.6072
-0.37929,-0.1711,0.41349,0.3823,-1.6683
-0.79331,-0.43138,1.1274,0.30174,-0.073106
0.42291,0.1485,-1.7832,0.063287,0.44903
-0.31391,-0.19777,0.82185,-1.5098,-1.128
0.84191,1.8259,0.63804,-1.2395,0.81712
1.2169,-0.46276,0.11915,1.4793,0.02827
0.63246,-1.62,0.5373,-1.5667,0.42206
-0.26108,-0.74103,-1.0361,-3.0072,0.39256
1.3243,0.60908,1.9803,-0.31551,0.93574
-2.576,1.6938,-0.56818,2.1488,0.32103
-0.58448,-1.3236,-1.1035,-0.91276,0.04083
0.61456,1.7411,0.28567,-1.3583,0.28837
1.5545,-0.29539,-0.80463,0.44488,-0.52016
-0.36395,0.76889,-0.81566,1.4901,0.91412
0.83006,0.71451,0.70489,-1.9672,-0.56057
0.94223,-1.8374,-1.6989,-0.39866,0.96647
-1.4854,-0.073531,0.0072876,-0.14835,-2.2083
-0.80399,-0.16744,0.086509,0.41363,-0.0097903
-0.52286,0.80715,-0.41768,2.4229,-0.38197
-0.83433,-0.8876,-1.3323,0.44736,1.0502
0.35586,0.62618,3.4178,-1.3972,-1.458
-0.3538,-1.222,0.64987,0.18401,-0.70168
0.59575,-0.039653,2.6102,0.29304,-0.18328
-1.7015,0.3778,0.47931,0.36046,-0.36082
-0.66386,-0.9711,-0.50685,-1.3887,0.38288
0.104,-0.8576,0.31052,0.4063,1.2624
1.6582,-0.38559,0.38826,0.62173,-0.11144
-0.74319,-2.4271,-2.1793,1.1776,1.7543
1.3478,0.96261,-0.5183,-0.82452,-1.0529
-0.58313,-0.75324,0.41169,-0.94225,1.2316
-0.54616,-0.36784,-0.72542,-0.2159,0.39617
-1.0457,-0.20105,0.16776,1.1443,-2.0268
0.83046,1.4219,-0.59772,-0.93734,-0.42675
-0.54567,0.059882,0.58362,1.5389,0.36742
2.3064,1.5527,-0.84076,0.56808,0.39102
2.1848,-0.46467,-1.4402,-1.0899,0.14583
-0.050856,-1.768,-0.16901,0.34383,-0.59499
-0.020049,-0.57496,-0.63232,0.8976,1.0749
-0.91519,-0.66926,1.1217,0.48935,0.25765
-1.096,-0.32712,0.2039,-1.1057,-0.034567
-0.35241,0.6177,-1.1587,-0.21391,-0.35728
-1.63,-0.70007,0.47026,-1.1887,1.1306
0.048013,-0.086347,0.4959,2.4133,-0.84115
0.45973,-1.1013,-1.6751,0.70149,2.155
0.12363,-0.64134,-1.521,2.0629,1.3647
-1.8544,0.30592,-0.70711,-0.41922,0.57241
-1.4124,0.39414,0.88673,-2.9263,-0.57713
-1.6359,2.3465,-1.2426,0.52537,0.10089
1.266,1.6822,-0.53904,0.60373,1.4525
1.1158,0.47488,0.56596,0.53772,-0.83337
-0.43763,0.61254,-0.81847,-0.59075,-0.55371
0.74443,-1.0068,-0.40785,0.47842,1.0519
1.4365,-2.6407,1.0033,-0.95921,0.099482
-2.4532,0.43086,0.59945,-0.1181,1.3269
-0.20593,-1.8271,0.67434,1.4129,-0.92093
0.46692,0.30201,0.33896,1.0672,0.7054
-0.39336,-1.6954,-2.4744,0.86225,-0.24584
-1.4355,-1.4817,0.11678,0.18184,-1.1875
1.4131,-1.1,1.7615,-0.7393,-1.5294
0.0065409,-0.22844,0.80408,0.42149,-0.10147
-0.19768,-1.8722,0.081914,0.96224,-0.64628
-0.14459,-0.90357,0.18393,-1.1201,0.94148
-0.23671,0.51539,-0.3967,0.432,-1.1199
0.10939,0.60637,-0.72993,-1.5793,0.86444
0.63796,0.15599,-0.93068,-1.5877,-1.9237
-0.91276,-0.25396,-1.2805,-0.041993,-1.4628
-0.25021,-1.3499,0.44157,0.28188,-1.5945
0.37219,-1.4123,2.2994,0.29308,0.69199
1.3658,-0.41787,-3.3526,0.11356,-0.68272
-0.03046,-0.85197,0.84882,-1.6728,1.2863
0.78548,0.13449,-0.025328,0.67475,-2.1677
1.669,-1.168,-0.73308,0.27165,1.1188
-0.26943,-0.80922,0.93677,0.14233,-0.65166
1.103,0.59764,1.1992,0.13831,-0.9228
0.92526,-0.26725,-0.61758,-2.1733,0.14239
-0.046075,1.1146,2.0035,0.40519,1.4242
-1.5062,1.0108,1.8262,0.12598,0.34388
1.2876,-1.5663,1.7436,-0.91586,-0.25749
-0.041465,0.68156,1.1493,-0.009109,1.7875
-0.016528,-0.58582,0.73308,0.25174,-0.28947
-1.4108,1.6318,1.7597,1.6671,-0.64369
-0.54992,-0.070602,-0.30841,-0.012538,-0.92143
-1.6277,2.0232,0.38905,-0.94449,-1.2181
0.14379,0.90293,1.1618,-0.75163,0.9664
0.4198,0.13231,-2.35,-0.57808,2.2748
0.6906,-1.4835,1.5635,-1.356,-1.9081
-0.15637,-0.24731,-0.80784,-0.34596,-0.064885
-1.42,-0.52961,0.91797,-1.6533,0.58207
-0.34567,-0.83193,-2.9816,0.71584,-0.34564
1.8713,-1.165,-1.5484,-0.042253,-0.51937
-0.7257,1.9445,1.3372,-1.6362,0.53045
-0.39361,0.68192,-0.99974,-0.30364,0.10579
1.0308,0.28876,-0.83799,0.36778,1.1073
0.51257,-0.7168,-0.27178,-0.77524,0.02361
-0.19955,-0.471,-0.050857,1.8669,-0.34404
1.2057,-1.0043,0.56193,1.9283,1.4829
0.42905,1.0026,-2.0244,0.66412,0.54294
1.2203,0.20282,0.28694,0.26847,-1.2658
-0.65417,0.44333,-0.69811,0.93111,0.76942
0.99442,0.31079,0.040305,1.0769,0.35377
-0.59362,0.070044,-0.60971,0.39144,0.5308
0.42181,0.60496,-0.9422,0.47003,0.8315
0.41216,1.5642,-0.82672,1.3039,-1.4966
-0.37661,0.19749,-0.8189,-2.3014,1.8926
1.1748,-2.1309,-1.754,0.23813,-0.62518
1.4706,-0.18988,-0.31451,-0.8252,-0.49096
-0.39937,-0.54696,-1.3449,0.75454,0.50575
0.67953,0.11376,0.64997,-1.2098,-0.82685
-0.63129,-0.16193,0.39069,-1.1913,-1.1116
-0.52984,-0.19602,0.31306,-1.5249,-0.47869
-1.3207,-0.65416,-1.5793,-0.11467,0.22869
-0.42262,1.7702,-0.28234,-0.050931,1.1247
-0.17729,0.16296,-1.4696,0.33287,-0.28802
-1.6378,-0.36175,1.1889,0.76696,0.23709
1.5263,0.33636,-0.31318,-2.0568,0.020076
-1.1518,-0.65527,0.75018,0.15682,0.11781
-0.38814,0.77215,-0.094927,2.0381,-1.5374
-0.88777,-1.4833,2.6307,1.0663,-2.2194
1.666,0.22584,-0.66677,0.86002,0.78427
-0.87601,1.3472,-0.28846,1.9611,0.82681
-1.2965,0.97091,0.020029,-0.5212,0.8299
0.73567,0.53781,-0.52193,0.40215,-1.9189
-0.86413,-0.63509,0.59333,0.29694,0.91545
2.9077,1.9095,-0.7728,-0.077568,-0.84591
-1.5285,-0.62356,0.21773,-0.75068,0.21155
0.39565,-0.4863,-0.0085468,-1.3006,-0.46318
-0.5932,-2.0848,0.058049,-0.71923,-1.9338
-0.89028,-0.0074398,0.97409,-0.41273,1.4213
0.045743,0.42733,0.075731,0.22573,0.42538
1.5862,-0.4864,-1.5972,-0.12522,-1.3719
0.00097482,1.1934,-0.28435,1.9659,-1.9928
-0.59182,0.76412,0.69996,-0.35452,0.383
-0.65224,-1.8226,0.63699,-0.11038,0.19624
-0.16742,1.4559,0.046379,-2.6775,-0.25467
-0.36555,-0.87164,-0.3348,1.0543,1.3097
0.32073,1.3318,-0.46102,0.15732,1.1159
2.2607,-0.30121,1.9657,-0.24874,-0.38408
0.42719,0.47682,0.40485,-1.1725,0.046965
-0.72943,0.047208,0.40617,-2.2575,0.2001
-0.04461,0.6696,0.0086143,0.25862,0.90698
1.6896,-0.17823,0.3617,1.4286,-0.22873
-0.11343,0.42403,1.3185,0.20037,0.16846
1.2702,-1.4804,0.083649,1.5581,0.61437
0.29132,0.17187,-2.0624,1.16,-0.641
1.1739,2.5123,-0.39648,-1.1952,0.56758
-0.13016,0.22202,-0.81321,1.2939,-0.55624
-0.69919,-0.086164,-0.27489,1.2843,0.14036
0.68939,-1.2316,1.4067,0.65643,0.08544
0.98564,1.2021,1.0119,1.8493,-0.27816
0.29283,-0.1254,-0.52017,2.0862,-0.19756
-1.5382,-0.37998,-0.95888,0.067833,0.38312
0.75298,1.8332,1.5,2.1439,-0.28348
-0.28197,-1.6223,-0.77391,-0.28381,-0.45364
1.3692,-0.56936,0.15538,0.54528,-1.3187
-0.27502,-0.51365,0.21897,0.084833,-0.44627
0.47077,1.5634,1.2624,-0.47323,-0.14683
0.31265,1.2099,1.2315,0.25712,0.36946
-0.11427,1.2542,0.84569,0.62455,-0.55857
0.097416,0.08178,-1.5814,0.69745,0.06913
1.4129,1.4161,1.5543,-0.40623,-0.16303
2.2595,-1.2226,-0.5961,-1.9183,1.7826
-0.38714,0.5598,0.86204,0.85304,1.3439
-0.34123,0.2434,-0.89649,0.23216,-0.21697
-1.3926,1.1118,0.095833,1.0355,-0.083848
-1.9501,-0.9341,-1.8134,-1.0862,0.6928
-1.6111,0.32161,0.51808,-0.71201,0.17399
2.2474,0.9509,0.019925,0.47245,0.27939
0.16905,-0.23797,-0.31375,1.4816,-0.36831
-0.15352,-0.20751,0.51057,-0.26026,-0.056849
-0.21493,0.21784,0.33965,-1.5276,-0.44016
-1.2691,-0.75839,-0.70777,-0.15099,-0.34278
-1.2982,-0.69397,-1.8965,0.013616,-0.055294
-0.37915,0.0035034,-1.7874,1.4227,-0.80629
0.79985,-0.053427,-0.44047,0.66162,-1.05
0.050902,-0.55058,-0.26408,-1.6573,-0.49365
-2.1257,-1.4329,1.9051,-0.61476,0.63151
-1.0328,2.1484,0.41189,1.173,1.0781
-0.28327,0.27861,-0.28092,-0.7352,-0.19892
0.78669,-0.61881,0.0016793,-1.1967,-0.43151
-0.78874,-0.80063,0.49729,1.1473,-0.084415
-0.40571,0.58936,0.7633,-0.10716,-0.50039
1.6249,0.0086855,-0.010499,-1.0067,-0.94871
-2.0385,0.1647,-0.81019,-0.61954,-0.40952
0.17024,-0.88083,-1.6875,-0.44777,-0.25945
0.23623,-0.97156,-2.3349,-0.016639,0.35341
-1.5242,-0.11133,-0.17777,-0.50475,0.034999
0.65658,0.0033953,0.79804,1.1449,-0.038798
-0.086185,-0.1839,1.2303,0.82797,0.69087
-0.34303,0.22896,-0.35926,-0.6088,1.7482
0.59378,0.24794,0.56862,-2.235,0.85516
2.5541,-1.5629,0.099114,-1.8143,0.067252
-0.56838,0.58401,0.035666,1.28,0.22893
0.18024,-0.59207,1.1403,-1.0881,-3.3203
-1.3874,1.3717,2.4761,2.2752,-0.87797
-0.33012,-0.23901,-0.93923,1.409,0.22205
-0.29807,-0.034351,-0.58818,0.31544,0.77618
-0.0085873,-0.94887,-0.38691,0.69277,0.37846
0.10903,1.6463,0.9725,-0.017047,0.65127
1.0023,-0.87613,-0.071186,-0.067054,1.5126
1.5718,0.84051,-1.542,0.3262,1.5262
-1.6264,-0.38116,-0.88886,-0.3168,0.35928
-0.98624,-0.42523,0.032167,0.94573,0.13892
-0.23107,1.4419,-0.40521,-1.1459,0.17826
-1.2129,1.1395,-0.80846,-1.6974,0.71282
-0.46313,0.24067,0.14027,0.263,1.3132
-1.8035,-0.28236,0.80494,-0.54928,0.069468
0.002738,1.6341,0.077935,0.5016,-0.58906
0.96791,-0.73575,-2.1794,-0.66053,-0.93455
-0.13775,1.3984,-0.6194,-0.38349,0.031716
0.73176,-1.125,-1.088,1.1523,-1.0831
0.99178,-1.8587,0.85497,-1.8887,-0.69546
-0.69243,-0.91112,-0.73893,-0.64923,-0.59378
0.58087,1.1535,0.55741,0.097172,-0.59366
-1.3815,0.92324,1.7581,-0.16233,-0.46641
0.19168,-0.45447,-1.3367,0.59449,0.3674
-0.46807,0.20769,-0.30578,-1.0512,0.2437
0.82992,0.036403,-1.3059,-0.18682,0.19028
0.88336,1.3015,-0.81343,0.17827,2.0902
-0.84971,-0.18665,0.20556,-0.24602,-0.15989
-0.62719,0.26636,-0.55646,1.373,1.3988
-0.40194,-0.93657,1.48,0.65837,-0.49534
1.1192,0.27379,0.10103,1.7379,-0.66987
-0.96815,-0.78854,-1.1438,2.5012,-0.76683
0.53456,1.6005,0.35549,0.026767,-0.22387
-1.1971,0.34237,-1.0127,-1.0309,-0.91049
0.67412,-0.34956,1.4745,-0.29751,-0.53664
0.66077,-0.38385,0.70589,0.41034,-1.5164
0.16625,0.84712,1.1165,0.056233,0.69634
-0.55453,1.2999,-0.53468,-1.4346,-0.23181
0.0040258,-0.52479,1.4396,0.803,0.73312
-0.082528,0.12713,0.12735,-1.122,-0.75614
0.092116,0.38886,-0.097433,0.013861,0.63278
-1.1087,0.92681,-2.3377,-0.83324,0.40582
-0.39283,0.88351,-0.32511,1.2349,-1.3257
-0.40776,0.12832,-0.70008,0.027195,0.24613
0.7505,-0.088406,1.2192,2.5976,-0.99059
0.95536,-0.31994,1.1133,-0.67968,-0.85492
-1.3024,-0.37567,0.039216,-0.64396,0.72875
-0.50052,0.59269,-0.59202,-0.36454,0.89155
-1.8852,1.0828,0.35146,-0.71747,-0.43587
1.4601,1.0696,0.099364,0.50804,0.86373
0.046923,-2.097,0.11254,0.31955,-0.36417
-1.4426,-0.36445,1.0254,0.25821,-0.43813
-0.20777,1.5027,1.3615,-1.0331,1.4134
1.5886,0.50403,1.6545,0.87983,0.49218
-0.85484,1.0149,0.54284,0.078729,0.44977
-0.93808,-1.622,-0.20642,1.1696,0.19141
0.052001,-0.82509,-0.97789,0.97285,-1.0348
-0.75543,-0.12911,-0.2131,-0.33595,-0.95621
-0.34649,-1.4162,-1.0288,-0.80341,1.2523
-1.0495,-0.34751,1.3935,-1.6837,-1.5669
0.18848,0.39547,0.45942,1.762,-1.6379
0.73835,0.38377,-0.5058,-1.2599,-2.6423
0.57556,-1.3898,-0.67878,-0.40174,0.482
1.3598,0.83379,-0.70689,-1.5668,-0.87009
0.79277,-0.3146,1.2261,0.1854,-0.52431
0.016817,-0.3229,1.1884,-0.010699,-0.87741
-1.47,-1.1774,0.18777,-0.41844,-0.18461
0.3269,-0.85568,-0.10481,-1.1581,0.1704
1.0629,-0.41822,0.34984,-0.40313,-0.097749
0.1148,-0.014145,1.1867,0.57454,0.081128
-0.054766,-0.13792,-1.1245,-0.53721,0.3438
0.41316,-0.07839,0.69815,1.0037,0.027768
0.11415,-1.2613,-0.30125,0.9204,0.74808
0.88115,-0.24559,-0.53052,-0.33523,-0.38067
1.26,-0.84137,-0.78728,0.80451,-1.4056
0.11143,-0.00011864,0.39243,0.98815,-0.99514
0.012193,0.23104,0.070994,-1.9674,0.0010343
-0.95439,0.36603,-1.5787,-0.3937,0.89272
-1.0758,0.6164,1.0381,0.52846,0.81414
-0.14436,0.15707,1.4061,2.6992,-0.64096
-1.1096,-1.6945,-1.1933,0.14059,-1.137
0.0037653,0.012774,-1.1276,-0.44059,0.1168
-2.4449,0.51074,-0.18307,-1.457,-1.891
1.0693,-0.76178,-1.2121,-0.25556,-0.60224
1.6116,1.9559,-0.59328,0.49405,-1.7581
-0.3372,0.7143,-0.59945,0.48986,-0.082683
-0.28281,-1.0247,-0.29778,0.097918,-1.1737
0.63331,-0.38961,0.068378,1.1119,-0.12483
-0.17632,-0.084804,1.0625,2.458,1.5205
-2.1875,0.19556,-1.0787,2.271,1.4387
-0.85567,-0.57303,0.17604,-1.945,-1.4279
-0.3788,-0.91941,-0.099076,2.5968,0.038506
-2.658,-0.4174,-1.8536,-0.014693,0.21984
1.21,0.10568,-0.74631,-0.52872,-0.24857
-0.8926,-0.65718,-2.024,-0.20196,0.40065
-1.1089,-1.4968,0.54812,0.0064226,-0.010691
1.1332,1.113,0.47969,-0.26348,0.77325
-0.9146,0.85427,0.41708,0.40768,-0.51941
0.32255,-1.0325,-1.8249,-0.27573,0.30871
-1.9747,-0.38501,0.84001,0.93445,-0.70115
1.3239,1.3577,-0.38127,-1.3808,0.63884
0.30589,-0.16514,0.30214,-0.41847,-0.44541
-0.59006,0.16287,-1.1801,0.91615,0.56928
-1.3703,-0.29432,-0.99713,-0.27334,-0.40632
-1.7559,-0.014662,-0.79075,-1.1199,-1.0097
1.6348,-0.10615,0.26621,1.1201,0.9278
0.78294,1.0346,0.65262,0.17574,-1.2203
-0.85819,1.8018,-0.40335,-0.48785,-1.4275
-0.3265,1.6471,1.1756,-1.6767,-0.6059
0.19805,-0.46655,1.699,-0.12927,-0.17904
-1.0031,1.1605,-0.085255,-0.027811,-1.158
0.79457,1.174,-1.0568,-0.29776,-0.27619
-0.024153,0.52491,-0.047581,0.23611,-0.4636
-0.40863,1.0635,0.077776,0.35537,0.22663
0.88437,-1.0041,0.89168,-1.3229,1.1229
-1.3655,-1.6367,0.63163,-1.467,0.66963
1.318,1.1735,0.20558,1.5703,0.76909
-0.914,-0.63473,-1.2871,1.5266,0.54079
1.2327,0.11055,0.46361,0.065875,0.96202
0.18135,-0.85138,-0.42625,1.0461,-0.90859
-0.46807,0.93174,1.8929,-0.87794,-0.64225
-0.96591,1.7903,0.96135,0.30088,0.026715
-0.87601,0.28686,-1.8246,-0.29303,-1.1888
2.0486,-0.85743,1.0335,0.94629,1.6477
0.86123,1.089,0.60223,-0.87623,-0.68414
-1.3852,0.61402,-1.6667,-1.22,0.94217
1.1626,-0.93073,-1.1378,-1.0078,-0.75917
1.8274,-0.22512,0.56517,-0.34581,0.22463
-0.42302,-1.2488,1.0287,-0.15064,0.54004
-0.11315,0.48082,-0.20968,0.40278,2.1383
1.5864,2.5634,-0.76869,0.91429,0.98297
-0.46631,-2.0654,0.99581,0.43415,-0.40308
-0.4439,-0.19062,1.4475,0.63628,-1.0953
-0.70788,-0.26866,1.0046,0.3229,0.030797
0.71621,1.3665,0.46915,0.59251,-0.5351
-1.6746,-0.9286,0.29284,0.69578,-0.68258
-0.45528,-1.5071,0.15983,-0.70804,-0.64607
0.40533,1.5242,0.026486,0.3481,1.8915
0.37985,-0.50418,0.72054,-0.85993,-1.7217
0.51195,-0.50996,2.4384,-0.74669,-0.6592
-0.080003,0.20511,0.98874,0.26492,0.43473
1.097,0.24143,0.8951,-0.57616,1.229
-1.1834,-1.0549,-1.9623,-0.41121,-0.048024
-0.77951,0.55924,0.14465,1.3206,0.13263
-1.5325,-0.29186,1.2209,0.657,1.7253
-0.81503,-0.47382,-0.44668,-1.7865,0.0077987
1.1378,-0.60043,0.40844,-2.0994,-0.57117
0.86707,0.63892,-0.88455,0.7393,1.4452
1.0596,0.9525,0.87282,-1.2657,0.69682
-0.73532,1.1407,0.99207,0.355,-1.9545
0.11536,-0.23984,-0.6417,0.10087,-1.441
-0.92513,1.1258,0.85749,0.44593,-1.1158
1.4116,0.67965,-1.6728,-0.11336,0.14569
0.51771,0.79925,0.75873,0.98513,0.19372
0.82944,0.099981,-1.0026,-0.077605,0.68864
-0.71036,-0.10112,0.97639,-0.47388,1.7243
-1.2297,0.90624,0.078867,1.2086,0.57395
0.8691,1.8961,0.59969,-0.16424,-0.90941
1.8441,0.43513,-0.08298,-1.7466,-0.77461
1.7218,-0.48381,-2.3723,0.8678,1.1063
0.20215,1.9286,-0.16845,-1.7576,-0.15207
0.47085,-1.1889,1.7144,-0.094601,-1.125
0.41394,0.14625,0.10063,-2.3564,1.1996
0.60027,-0.23471,-0.56509,-1.5525,-1.9617
1.1259,-1.06,2.0318,-0.99539,2.4447
-1.923,-0.35378,-2.1378,0.92842,-0.094973
-1.7928,-0.77387,1.1562,0.70652,-0.46397
1.2039,-0.44393,-0.54748,-1.4831,-0.26219
-1.2421,-1.246,0.47288,1.8669,-2.2996
-0.54142,-1.2065,1.4747,-1.9501,0.22475
-0.6876,-0.49502,-1.5797,-0.68982,2.5265
0.58459,-0.12122,-0.68542,0.71976,-1.7269
-0.78558,0.21676,-1.643,1.8406,0.00014489
1.0593,-0.056431,0.3815,-0.03742,-0.87553
0.14695,1.4926,-0.45519,-1.9273,0.14208
-0.40877,-0.56038,-1.9749,0.62612,-2.0549
1.3339,0.49048,0.04718,-0.15052,0.32116
0.36907,-1.9802,0.2124,-0.13823,-0.92618
-1.3425,-0.58497,0.059515,0.7476,-0.49365
1.9646,-2.2583,1.7141,-0.35231,1.5366
-0.37932,-1.3053,-0.77174,0.67373,-0.74251
0.60591,-0.63229,-0.20031,-0.11778,-0.71007
-0.47382,-0.56617,-0.0098283,0.8657,-0.44573
2.4887,-0.24362,0.53737,0.67912,0.44752
-0.69577,-1.3468,0.65583,1.4915,1.1443
2.1174,-0.85848,0.85843,0.72246,0.57124
-0.90662,1.2377,1.96,-0.20776,-0.39847
-1.1687,-0.56032,-0.29809,-1.2327,-0.33682
1.4497,-0.12145,-0.00063162,0.24284,0.46003
-0.88786,0.49602,0.88562,-0.48385,-0.033958
0.58754,1.2351,0.95314,1.6012,-0.62757
-0.4865,-0.76156,-0.77433,0.27456,0.44698
-0.41945,-2.0124,-1.5809,0.38697,-1.1393
0.048573,-0.70286,-0.96268,1.2173,0.73418
0.11129,0.99452,1.4414,-0.070645,1.5412
0.19037,0.13644,0.79025,2.4772,1.6504
0.48618,1.2552,-0.90429,-1.6505,0.62502
0.28233,0.55116,-1.2403,-1.2546,2.5719
-0.3587,0.4256,-1.5286,-2.2214,0.69791
-0.1057,-0.98972,-0.83581,-0.54582,-0.69106
1.7646,0.19614,-0.7424,0.49291,-2.9833
-0.62645,-0.34834,1.0116,0.015023,0.16835
-0.73378,-0.32352,1.2957,0.83352,1.65
-0.69907,-0.46464,-0.47044,0.61981,-2.9089
-0.95222,-0.18922,-0.70362,0.39782,1.9402
-0.055357,0.095547,0.19813,1.4176,-0.91947
0.33906,0.93161,0.30214,-0.50634,-0.2529
-1.3597,-0.51383,-1.278,1.2981,0.59475
-0.29297,-0.26617,0.83321,0.088333,1.0509
0.079897,0.38015,-1.1637,0.87989,1.1819
-0.011721,0.88642,1.5099,-0.44281,-1.3116
0.051114,0.68419,0.83078,-0.0045642,0.15601
-0.71873,0.012472,-0.68008,-0.21054,-0.5164
0.99272,-0.70243,-0.59805,-0.56553,-0.78607
-0.28683,-1.2712,-0.85907,0.30343,-0.33025
1.3898,-0.078967,-1.7364,-0.33426,0.57464
2.1547,0.34968,1.6363,2.2392,-1.1602
0.26576,1.3872,1.5568,-0.78598,-0.09756
2.882,-0.049054,-0.50061,0.26565,-0.4017
0.85083,-0.32607,-0.071582,-0.51822,0.70747
-0.54748,-0.79541,2.1656,-0.57532,0.0073828
1.2568,1.0633,-0.1102,1.0627,-0.24342
-1.1257,0.082856,-0.42875,-1.0385,-1.6105
0.45005,0.74265,-0.84944,2.2896,0.53192
-0.0087426,1.1127,-0.45899,-0.085519,-1.8895
0.67921,-0.0091896,0.84736,-0.69251,1.6865
0.31965,-0.45147,-1.1426,0.28259,0.74978
0.096169,-0.89066,-1.1536,0.5482,-0.88397
0.73312,-0.6794,0.4741,-0.95558,-2.306
-0.0022546,-0.96655,1.2769,0.18625,0.22749
0.03759,-0.52224,-0.063678,0.58908,-1.0142
0.20141,0.1337,1.3095,1.7813,2.3867
-1.215,0.11073,-0.90471,0.53116,-0.64311
0.16628,1.2644,1.2489,1.706,1.2644
2.6125,-0.46997,0.2543,0.27098,-1.0415
-0.4602,0.13755,-1.0505,0.67659,0.18047
-0.17007,0.43555,-0.58327,-0.81503,-0.58536
-1.401,-1.1505,-1.1259,-0.90263,-0.49084
0.61209,0.24808,-0.49951,-0.23799,0.22381
-0.19337,1.6742,0.55565,0.81888,-1.1285
0.31004,-0.65663,0.69737,0.18901,1.2565
0.39957,-0.94328,-0.35734,0.60334,-0.87515
0.41771,-0.32783,1.1869,-0.87525,-2.1367
-0.54797,-1.2581,0.75235,1.6463,0.07008
0.2969,0.96168,0.34766,-1.4526,0.65985
0.497,-0.019162,-0.3885,-0.19498,1.0969
-0.85309,0.50979,0.0050534,0.26288,-0.85348
0.88264,-1.1936,-0.20606,-0.88717,-0.11054
-1.8618,-0.36132,-0.58852,0.95464,1.6932
-0.73529,0.64043,-0.097607,0.052156,-0.011121
1.9388,0.34771,0.056212,0.57608,-2.0131
-0.51303,-0.5081,1.7322,-1.1749,-0.82671
-0.34996,1.6762,1.4862,-0.35158,-1.3543
